Workbook

Sheet prosjekter
A1: virksomhet | B1: status | C1: navn | D1: kostnadsramme_2026 | E1: aar_ferdig | F1: sluttkostnad | G1: stat_doc | H1: annen_finansiering | I1: landsdel_doc | J1: merknad | K1: stat_doc_brukes
A2: Statens vegvesen | B2: Ferdig | C2: E39 Hjartåberga | D2: 1031 | E2: 2014 | F2: 1018 | G2: 1018 | I2: Vestlandet | K2: =G2 -> 1018
A3: Statens vegvesen | B3: Ferdig | C3: Rv. 70 Oppdølstranda | D3: 1807 | E3: 2014 | F3: 1574 | G3: 1574 | I3: Vestlandet | K3: =G3 -> 1574
A4: Statens vegvesen | B4: Ferdig | C4: E18 Melleby–Momarken | D4: 1907 | E4: 2014 | F4: 2078 | G4: 1746 | H4: 333 | I4: Østlandet | K4: =G4 -> 1746
A5: Statens vegvesen | B5: Ferdig | C5: Rv. 7 Sokna–Ørgenvika | D5: 3213 | E5: 2014 | F5: 2736 | G5: 1296 | H5: 1440 | I5: Østlandet | K5: =G5 -> 1296
A6: Statens vegvesen | B6: Ferdig | C6: Rv. 2 Kongsvinger–Slomarka | D6: 3539 | E6: 2014 | F6: 3893 | G6: 1635 | H6: 2258 | I6: Østlandet | K6: =G6 -> 1635
A7: Statens vegvesen | B7: Ferdig | C7: E18 Gulli–Langåker | D7: 5221 | E7: 2014 | F7: 5172 | G7: 1545 | H7: 3627 | I7: Østlandet | K7: =G7 -> 1545
A8: Statens vegvesen | B8: Ferdig | C8: E16 Smedalsosen–Maristova–Borlaug | D8: 1681 | E8: 2014 | F8: 1167 | G8: 1167 | I8: Vestlandet/Østlandet | K8: =G8 -> 1167
A9: Statens vegvesen | B9: Ferdig | C9: E10 Solbjørnneset–Hamnøy | D9: 1106 | E9: 2014 | F9: 1347 | G9: 1347 | I9: Nord-Norge | K9: =G9 -> 1347
A10: Statens vegvesen | B10: Ferdig | C10: E18 Bjørvika | D10: 10408 | E10: 2015 | F10: 11609 | G10: 4556 | H10: 7053 | I10: Østlandet | K10: =G10 -> 4556
A11: Statens vegvesen | B11: Ferdig | C11: E6 Minnesund–Skaberud | D11: 9785 | E11: 2015 | F11: 10051 | G11: 2779 | H11: 7272 | I11: Østlandet | K11: =G11 -> 2779
A12: Statens vegvesen | B12: Ferdig | C12: E18 Sydhavna | D12: 1047 | E12: 2015 | F12: 1064 | G12: 250 | H12: 814 | I12: Østlandet | K12: =G12 -> 250
A13: Statens vegvesen | B13: Ferdig | C13: E136 Tresfjordbrua og Vågstrandstunnelen | D13: 2531 | E13: 2015 | F13: 2731 | G13: 1393 | H13: 1338 | I13: Vestlandet | K13: =G13 -> 1393
A14: Statens vegvesen | B14: Ferdig | C14: E6 Halselv–Møllnes | D14: 1622 | E14: 2016 | F14: 1380 | G14: 1380 | I14: Nord-Norge | K14: =G14 -> 1380
A15: Statens vegvesen | B15: Ferdig | C15: E18 Knapstad–Retvet | D15: 2391 | E15: 2016 | F15: 2460 | G15: 1308 | H15: 1152 | I15: Østlandet | K15: =G15 -> 1308
A16: Statens vegvesen | B16: Ferdig | C16: E6 Frya–Sjoa (Ringebu–Otta) | D16: 8216 | E16: 2016 | F16: 10043 | G16: 5737 | H16: 4306 | I16: Østlandet | K16: =G16 -> 5737
A17: Statens vegvesen | B17: Ferdig | C17: Rv. 4 Lunner grense–Jaren og Lynga sør | D17: 3531 | E17: 2017 | F17: 4558 | G17: 2287 | H17: 2271 | I17: Østlandet | K17: =G17 -> 2287
A18: Statens vegvesen | B18: Ferdig | C18: E18 Riksgrensen–Ørje | D18: 1289 | E18: 2017 | F18: 1468 | G18: 847 | H18: 621 | I18: Østlandet | K18: =G18 -> 847
A19: Statens vegvesen | B19: Ferdig | C19: E39 Hove–Sandved | D19: -898 | E19: 2017 | F19: 1145 | G19: 450 | H19: 694 | I19: Vestlandet | J19: Kostnadsramme «-898» gjengitt slik den står i dokumentet (sannsynlig feil) | K19: =G19 -> 450
A20: Statens vegvesen | B20: Ferdig | C20: E16 Varpe bru–Otrøsosen–Smedalsosen | D20: 2779 | E20: 2017 | F20: 2220 | G20: 2220 | I20: Østlandet | K20: =G20 -> 2220
A21: Statens vegvesen | B21: Ferdig | C21: E6 Indre Nordnes–Skardalen | D21: 1924 | E21: 2017 | F21: 1609 | G21: 1609 | I21: Nord-Norge | K21: =G21 -> 1609
A22: Statens vegvesen | B22: Ferdig | C22: E105 Elvenes–Hesseng | D22: 1099 | E22: 2017 | F22: 1099 | G22: 1099 | H22: 0 | I22: Nord-Norge | K22: =G22 -> 1099
A23: Statens vegvesen | B23: Ferdig | C23: E6 Sørkjosfjellet | D23: 1538 | E23: 2018 | F23: 1430 | G23: 1430 | H23: 0 | I23: Nord-Norge | K23: =G23 -> 1430
A24: Statens vegvesen | B24: Ferdig | C24: E6 Hålogalandsbrua inkl Trældal–Leirvik | D24: 5349 | E24: 2018 | F24: 5874 | G24: 4226 | H24: 1648 | I24: Nord-Norge | K24: =G24 -> 4226
A25: Statens vegvesen | B25: Ferdig | C25: E18 Bommestad–Sky | D25: 7774 | E25: 2018 | F25: 7044 | G25: 1795 | H25: 5248 | I25: Østlandet | K25: =G25 -> 1795
A26: Statens vegvesen | B26: Ferdig | C26: Rv. 36 Skyggestein–Skjelbredstrand | D26: 943 | E26: 2018 | F26: 1034 | G26: 1034 | I26: Østlandet | K26: =G26 -> 1034
A27: Statens vegvesen | B27: Ferdig | C27: Rv. 110 Simo–Ørebekk | D27: 1182 | E27: 2019 | F27: 1476 | G27: 915 | H27: 561 | I27: Østlandet | K27: =G27 -> 915
A28: Statens vegvesen | B28: Ferdig | C28: E134 Gvammen–Århus | D28: 3578 | E28: 2019 | F28: 3310 | G28: 3310 | I28: Østlandet | K28: =G28 -> 3310
A29: Statens vegvesen | B29: Ferdig | C29: E6 Helgeland nord | D29: 2892 | E29: 2019 | F29: 3293 | G29: 2684 | H29: 608 | I29: Nord-Norge | K29: =G29 -> 2684
A30: Statens vegvesen | B30: Ferdig | C30: E6 Jaktøya–Klett–Sentervegen | D30: 4332 | E30: 2019 | F30: 3839 | G30: 1427 | H30: 2412 | I30: Trøndelag | K30: =G30 -> 1427
A31: Statens vegvesen | B31: Ferdig | C31: Rv. 80 Hunstadmoen–Thallekrysset | D31: 3802 | E31: 2019 | F31: 3577 | G31: 923 | H31: 2654 | I31: Nord-Norge | K31: =G31 -> 923
A32: Statens vegvesen | B32: Ferdig | C32: E39 Bjørset–Skei | D32: 1263 | E32: 2019 | F32: 1053 | G32: 1053 | I32: Vestlandet | K32: =G32 -> 1053
A33: Statens vegvesen | B33: Ferdig | C33: E6 Tømmernes-, Forså-, Fagernes-, Larsberg-, Skardal- og Isfjelltunnelene | D33: 1272 | E33: 2019 | F33: 1167 | G33: 1167 | I33: Nord-Norge | K33: =G33 -> 1167
A34: Statens vegvesen | B34: Ferdig | C34: E6 Ekeberg- og Svardalstunnelene | D34: 991 | E34: 2019 | F34: 1085 | G34: 1085 | I34: Østlandet | K34: =G34 -> 1085
A35: Statens vegvesen | B35: Ferdig | C35: E16 Bagn–Bjørgo | D35: 2467 | E35: 2019 | F35: 2080 | G35: 1310 | H35: 770 | I35: Østlandet | K35: =G35 -> 1310
A36: Statens vegvesen | B36: Ferdig | C36: E16 Sandvika–Wøyen | D36: 6680 | E36: 2019 | F36: 5468 | G36: 1356 | H36: 4111 | I36: Østlandet | K36: =G36 -> 1356
A37: Statens vegvesen | B37: Ferdig | C37: E16 Øye–Eidsbru | D37: 1142 | E37: 2020 | F37: 1181 | G37: 1181 | I37: Østlandet | K37: =G37 -> 1181
A38: Statens vegvesen | B38: Ferdig | C38: Rv. 13 Ryfast | D38: 11342 | E38: 2020 | F38: 11709 | G38: 2653 | H38: 9056 | I38: Vestlandet | K38: =G38 -> 2653
A39: Statens vegvesen | B39: Ferdig | C39: E134 Damåsen–Saggrenda | D39: 7457 | E39: 2020 | F39: 6674 | G39: 2870 | H39: 3803 | I39: Østlandet | K39: =G39 -> 2870
A40: Statens vegvesen | B40: Ferdig | C40: E6 Vindåsliene–Korporalsbrua | D40: 2728 | E40: 2020 | F40: 2244 | G40: 1225 | H40: 1019 | I40: Trøndelag | K40: =G40 -> 1225
A41: Statens vegvesen | B41: Ferdig | C41: E39 Eiganestunnelen | D41: 3695 | E41: 2020 | F41: 5553 | G41: 3917 | H41: 1636 | I41: Vestlandet | K41: =G41 -> 3917
A42: Statens vegvesen | B42: Ferdig | C42: E18 Varoddbrua | D42: 1559 | E42: 2021 | F42: 1419 | G42: 1419 | I42: Sørlandet | K42: =G42 -> 1419
A43: Statens vegvesen | B43: Ferdig | C43: E69 Skarvbergtunnelen | D43: 1302 | E43: 2022 | F43: 1777 | G43: 1777 | I43: Nord-Norge | K43: =G43 -> 1777
A44: Statens vegvesen | B44: Ferdig | C44: E39 Svegatjørn–Rådal | D44: 11185 | E44: 2022 | F44: 12177 | G44: 7772 | H44: 4405 | I44: Vestlandet | K44: =G44 -> 7772
A45: Statens vegvesen | B45: Ferdig | C45: E16 Eggemoen–Jevnaker–Olum | D45: 4363 | E45: 2022 | F45: 3822 | G45: 1618 | H45: 2204 | I45: Østlandet | K45: =G45 -> 1618
A46: Statens vegvesen | B46: Ferdig | C46: E6 Bognes–Skarberget og rv. 827 Drag–Kjøpsvik | D46: 1280 | E46: 2022 | F46: 1052 | G46: 1052 | I46: Nord-Norge | K46: =G46 -> 1052
A47: Statens vegvesen | B47: Ferdig | C47: Rv. 3/rv. 25 Ommangsvollen–Grundset/Basthjørnet | E47: 2022 | F47: 7689 | G47: 2637 | H47: 5052 | I47: Østlandet | J47: Kostnadsramme ikke oppgitt i dokumentet | K47: =G47 -> 2637
A48: Statens vegvesen | B48: Ferdig | C48: Rv. 5 Kjøsnesfjorden | D48: 1844 | E48: 2022 | F48: 1307 | G48: 1307 | I48: Vestlandet | K48: =G48 -> 1307
A49: Statens vegvesen | B49: Ferdig | C49: E16 Gudvanga- og Flenjatunnelene | D49: 1318 | E49: 2023 | F49: 1281 | G49: 1281 | I49: Vestlandet | K49: =G49 -> 1281
A50: Statens vegvesen | B50: Ferdig | C50: Rv. 706 Nydalsbrua med tilknytingar | D50: 1903 | E50: 2023 | F50: 1880 | G50: 855 | H50: 1025 | I50: Trøndelag | K50: =G50 -> 855
A51: Statens vegvesen | B51: Ferdig | C51: E39 Kristianborg–Bergen sentrum (Sykkelstamveien) | D51: 1413 | E51: 2024 | F51: 1417 | G51: 1417 | I51: Vestlandet | K51: =G51 -> 1417
A52: Statens vegvesen | B52: Ferdig | C52: E39 Sykkelstamveien, Sørmarka–Smeaheia | D52: 1607 | E52: 2024 | F52: 1184 | G52: 1184 | I52: Vestlandet | K52: =G52 -> 1184
A53: Statens vegvesen | B53: Ferdig | C53: E39 Lønset–Hjelset | D53: 1957 | E53: 2024 | F53: 1749 | G53: 780 | H53: 969 | I53: Vestlandet | K53: =G53 -> 780
A54: Statens vegvesen | B54: Ferdig | C54: E16 Bjørum–Skaret | D54: 6886 | E54: 2025 | F54: 6331 | G54: 3356 | H54: 2975 | I54: Østlandet | K54: =G54 -> 3356
A55: Statens vegvesen | B55: Ferdig | C55: Rv. 4 Roa–Gran, inkl. Jaren–Amundrund/Almenningseidet–Lygnebakken | D55: 2950 | E55: 2025 | F55: 2681 | G55: 950 | H55: 1730 | I55: Østlandet | K55: =G55 -> 950
A56: Statens vegvesen | B56: Ferdig | C56: E16 Dalevåg-, Dalseid-, Trollkone-, Hernes- og Hyvingtunnelene | D56: 1272 | E56: 2025 | F56: 838 | G56: 837 | I56: Vestlandet | K56: =G56 -> 837
A57: Statens vegvesen | B57: Ferdig | C57: E6 Helgeland sør | D57: 6807 | E57: 2025 | F57: 7742 | G57: 6849 | H57: 893 | I57: Nord-Norge | K57: =G57 -> 6849
A58: Statens vegvesen | B58: Under bygging | C58: E39 Betna–Vinjeøra–Stormyra | D58: 3404 | E58: 2026 | G58: 3242 | I58: Trøndelag | K58: =G58 -> 3242
A59: Statens vegvesen | B59: Under bygging | C59: E8 Sørbotn–Laukslett | D59: 3999 | G59: 3718 | I59: Nord-Norge | K59: =G59 -> 3718
A60: Statens vegvesen | B60: Under bygging | C60: E136 Breivika–Lerstad | D60: 3186 | G60: 617 | H60: 2168 | I60: Vestlandet | K60: =G60 -> 617
A61: Statens vegvesen | B61: Under bygging | C61: Ring 1 Hammersborgtunnelen | D61: 3666 | G61: 3492 | I61: Østlandet | J61: I regi av SVV i samarbeid med Statsbygg, finansiert over DFD-budsjettet | K61: =G61 -> 3492
A62: Statens vegvesen | B62: Under bygging | C62: Rv. 555 Sotrasambandet (OPS) | D62: 24110 | G62: 16093 | H62: 8017 | I62: Vestlandet | J62: OPS – vedtatt øvre ramme inkl. drift/vedlikehold | K62: =G62 -> 16093
A63: Statens vegvesen | B63: Under bygging | C63: E18/E39 Gartnerløkka–Kolsdalen | D63: 6128 | G63: 2620 | H63: 2826 | I63: Sørlandet | K63: =G63 -> 2620
A64: Statens vegvesen | B64: Under bygging | C64: E18 Lysaker–Ramstadsletta | D64: 24123 | G64: 6527 | H64: 14973 | I64: Østlandet | K64: =G64 -> 6527
A65: Statens vegvesen | B65: Under bygging | C65: E10/rv. 85 Tjeldsund–Gullesfjordbotn–Langvassbukt (OPS) | D65: 23498 | G65: 21893 | H65: 1605 | I65: Nord-Norge | J65: OPS – vedtatt øvre ramme inkl. drift/vedlikehold | K65: =G65 -> 21893
A66: Statens vegvesen | B66: Under bygging | C66: Rv. 555 Damsgård-/Nygårdtunnelene | D66: 1304 | G66: 1215 | I66: Vestlandet | K66: =G66 -> 1215
A67: Statens vegvesen | B67: Under bygging | C67: Rv. 70 Vikansvingen–Kontrollplassen | D67: 1457 | G67: 22 | H67: 1229 | I67: Vestlandet | K67: =G67 -> 22
A68: Statens vegvesen | B68: Under bygging | C68: Rv. 13 Lovraeidet–Rødsliane | D68: 1608 | G68: 1506 | I68: Vestlandet | K68: =G68 -> 1506
A69: Statens vegvesen | B69: Under bygging | C69: E45 Kløfta | D69: 2103 | G69: 1874 | I69: Nord-Norge | K69: =G69 -> 1874
A70: Statens vegvesen | B70: Under bygging | C70: E134 Røldal–Seljestad | D70: 5018 | G70: 4140 | H70: 703 | I70: Vestlandet | K70: =G70 -> 4140
A71: Statens vegvesen | B71: Under bygging | C71: E16 Lærdalstunnelen | D71: 2958 | G71: 2671 | I71: Vestlandet | K71: =G71 -> 2671
A72: Statens vegvesen | B72: Under bygging | C72: E6 Megården–Sommerset | D72: 7421 | G72: 7205 | I72: Nord-Norge | K72: =G72 -> 7205
A73: Statens vegvesen | B73: Under bygging | C73: E39 Rogfast | D73: 28171 | G73: 11334 | H73: 16965 | I73: Vestlandet | K73: =G73 -> 11334
A74: Statens vegvesen | B74: Under bygging | C74: E134 Oslofjordforbindelsen, trinn 2 | D74: 8104 | G74: 2713 | H74: 5374 | I74: Østlandet | K74: =G74 -> 2713
A75: Statens vegvesen | B75: Under bygging | C75: Fellesprosjektet Vossebanen/E16 Arna–Stanghelle | D75: 50373 | G75: 37749 | H75: 4303 | I75: Vestlandet | K75: =G75 -> 37749
A76: Nye Veier AS | B76: Ferdig | C76: E18 Tvedestrand–Arendal | D76: 8942 | E76: 2019 | H76: 2709 | I76: Sørlandet | J76: Kostnadsramme = avtalt vederlag mellom selskapet og SD | K76: =D76-H76 -> 6233
A77: Nye Veier AS | B77: Ferdig | C77: E6 Kolomoen–Moelv | D77: 14468 | E77: 2020 | H77: 5784 | I77: Østlandet | J77: Kostnadsramme = avtalt vederlag mellom selskapet og SD | K77: =D77-H77 -> 8684
A78: Nye Veier AS | B78: Ferdig | C78: E6 Kvænangsfjellet | D78: 2735 | E78: 2024 | I78: Nord-Norge | J78: Kostnadsramme = avtalt vederlag mellom selskapet og SD | K78: =D78-H78 -> 2735
A79: Nye Veier AS | B79: Under bygging | C79: E18 Langangen–Bamble | D79: 9546 | H79: 4420 | I79: Sørlandet | J79: Maksimalt bompengebidrag oppgitt | K79: =D79-H79 -> 5126
A80: Nye Veier AS | B80: Under bygging | C80: E39 Kristiansand vest–Lyngdal vest | D80: 33581 | H80: 11291 | I80: Sørlandet | J80: Maksimalt bompengebidrag oppgitt | K80: =D80-H80 -> 22290
A81: Nye Veier AS | B81: Under bygging | C81: E6 Moelv–Øyer | D81: 24607 | H81: 8428 | I81: Østlandet | J81: Maksimalt bompengebidrag oppgitt | K81: =D81-H81 -> 16179
A82: Nye Veier AS | B82: Under bygging | C82: E6 Nedgård (Ulsberg)–Melhus | D82: 23807 | H82: 8825 | I82: Trøndelag | J82: Maksimalt bompengebidrag oppgitt | K82: =D82-H82 -> 14982
A83: Nye Veier AS | B83: Under bygging | C83: E6 Ranheim–Åsen | D83: 19268 | H83: 9539 | I83: Trøndelag | J83: Maksimalt bompengebidrag oppgitt | K83: =D83-H83 -> 9729
A84: Bane NOR SF | B84: Ferdig | C84: Dobbeltspor Langset–Kleverud | D84: 5406 | E84: 2015 | F84: 4219 | I84: Østlandet | J84: Beløp i mill. 2019-kroner | K84: =D84 -> 5406
A85: Bane NOR SF | B85: Ferdig | C85: Holm–Holmestrand–Nykirke | D85: 6663 | E85: 2016 | F85: 6443 | I85: Østlandet | J85: Beløp i mill. 2019-kroner | K85: =D85 -> 6663
A86: Bane NOR SF | B86: Ferdig | C86: Dobbeltspor Farriseidet–Porsgrunn | D86: 7575 | E86: 2018 | F86: 7448 | I86: Østlandet | J86: Beløp i mill. 2019-kroner | K86: =D86 -> 7575
A87: Bane NOR SF | B87: Ferdig | C87: Follobanen | D87: 37535 | E87: 2023 | F87: 37470 | I87: Østlandet | K87: =D87 -> 37535
A88: Bane NOR SF | B88: Ferdig | C88: Venjar–Eidsvoll–Langset | D88: 7898 | E88: 2024 | F88: 6202 | I88: Østlandet | K88: =D88 -> 7898
A89: Bane NOR SF | B89: Ferdig | C89: Arna–Fløen | D89: 5018 | E89: 2024 | F89: 4744 | I89: Vestlandet | K89: =D89 -> 5018
A90: Bane NOR SF | B90: Ferdig | C90: Fløen–Bergen/Nygårdstangen | D90: 4910 | E90: 2024 | F90: 3136 | I90: Vestlandet | K90: =D90 -> 4910
A91: Bane NOR SF | B91: Ferdig | C91: Delelektrifisering Trønder- og Meråkerbanen | D91: 2727 | E91: 2025 | F91: 2394 | I91: Trøndelag | K91: =D91 -> 2727
A92: Bane NOR SF | B92: Ferdig | C92: Drammen–Kobbervikdalen | D92: 18087 | E92: 2025 | F92: 13095 | I92: Østlandet | K92: =D92 -> 18087
A93: Bane NOR SF | B93: Under bygging | C93: ERTMS | D93: 38220 | I93: Hele landet | K93: =D93 -> 38220
A94: Bane NOR SF | B94: Under bygging | C94: Kolbotn stasjon | D94: 1600 | I94: Østlandet | J94: Kostnadsramme økt til ca. 1 600 mill. 2026-kr (jf. Innst. 75 S 2025–2026) | K94: =D94 -> 1600
A95: Bane NOR SF | B95: Under bygging | C95: Sandbukta–Moss–Såstad | D95: 28519 | I95: Østlandet | K95: =D95 -> 28519
A96: Bane NOR SF | B96: Under bygging | C96: Kleverud–Sørli | D96: 11190 | I96: Østlandet | K96: =D96 -> 11190
A97: Bane NOR SF | B97: Under bygging | C97: Sørli–Åkersvika | D97: 9659 | I97: Østlandet | K97: =D97 -> 9659
A98: Bane NOR SF | B98: Under bygging | C98: Barkåker–Tønsberg | D98: 1984 | I98: Østlandet | K98: =D98 -> 1984
A99: Bane NOR SF | B99: Under bygging | C99: Nykirke–Barkåker | D99: 9069 | I99: Østlandet | K99: =D99 -> 9069
A100: Avinor AS | B100: Under bygging | C100: Ny lufthavn ved Mo i Rana | D100: 5112 | G100: 3902 | H100: 1210 | I100: Nord-Norge | K100: =G100 -> 3902
...

Sheet prosjekter_korrigert
A1: virksomhet | B1: status | C1: navn | D1: kostnadsramme_2026 | E1: aar_ferdig | F1: sluttkostnad | G1: stat_doc | H1: annen_finansiering | I1: landsdel_doc | J1: merknad | K1: merknad2 | L1: landsdel | M1: Faktor 2019-2026 | N1: MVA justering | O1: Geografisk korr | P1: stat
A2: Statens vegvesen | B2: Ferdig | C2: E39 Hjartåberga | D2: 1031 | E2: 2014 | F2: 1018 | G2: 1018 | I2: Vestlandet | L2: Vestlandet | M2: 1 | N2: 1 | O2: 1 | P2: =G2 -> 1018
A3: Statens vegvesen | B3: Ferdig | C3: Rv. 70 Oppdølstranda | D3: 1807 | E3: 2014 | F3: 1574 | G3: 1574 | I3: Vestlandet | L3: Vestlandet | M3: 1 | N3: 1 | O3: 1 | P3: =G3 -> 1574
A4: Statens vegvesen | B4: Ferdig | C4: E18 Melleby–Momarken | D4: 1907 | E4: 2014 | F4: 2078 | G4: 1746 | H4: 333 | I4: Østlandet | L4: Østlandet | M4: 1 | N4: 1 | O4: 1 | P4: =G4 -> 1746
A5: Statens vegvesen | B5: Ferdig | C5: Rv. 7 Sokna–Ørgenvika | D5: 3213 | E5: 2014 | F5: 2736 | G5: 1296 | H5: 1440 | I5: Østlandet | L5: Østlandet | M5: 1 | N5: 1 | O5: 1 | P5: =G5 -> 1296
A6: Statens vegvesen | B6: Ferdig | C6: Rv. 2 Kongsvinger–Slomarka | D6: 3539 | E6: 2014 | F6: 3893 | G6: 1635 | H6: 2258 | I6: Østlandet | L6: Østlandet | M6: 1 | N6: 1 | O6: 1 | P6: =G6 -> 1635
A7: Statens vegvesen | B7: Ferdig | C7: E18 Gulli–Langåker | D7: 5221 | E7: 2014 | F7: 5172 | G7: 1545 | H7: 3627 | I7: Østlandet | L7: Østlandet | M7: 1 | N7: 1 | O7: 1 | P7: =G7 -> 1545
A8: Statens vegvesen | B8: Ferdig | C8: E16 Smedalsosen–Maristova–Borlaug | D8: 1681 | E8: 2014 | F8: 1167 | G8: 1167 | I8: Vestlandet/Østlandet | K8: Ligger I all hovedsak Vestlandet | L8: Vestlandet | M8: 1 | N8: 1 | O8: 1 | P8: =G8 -> 1167
A9: Statens vegvesen | B9: Ferdig | C9: E10 Solbjørnneset–Hamnøy | D9: 1106 | E9: 2014 | F9: 1347 | G9: 1347 | I9: Nord-Norge | L9: Nord-Norge | M9: 1 | N9: 1 | O9: 1 | P9: =G9 -> 1347
A10: Statens vegvesen | B10: Ferdig | C10: E18 Bjørvika | D10: 10408 | E10: 2015 | F10: 11609 | G10: 4556 | H10: 7053 | I10: Østlandet | L10: Østlandet | M10: 1 | N10: 1 | O10: 1 | P10: =G10 -> 4556
A11: Statens vegvesen | B11: Ferdig | C11: E6 Minnesund–Skaberud | D11: 9785 | E11: 2015 | F11: 10051 | G11: 2779 | H11: 7272 | I11: Østlandet | L11: Østlandet | M11: 1 | N11: 1 | O11: 1 | P11: =G11 -> 2779
A12: Statens vegvesen | B12: Ferdig | C12: E18 Sydhavna | D12: 1047 | E12: 2015 | F12: 1064 | G12: 250 | H12: 814 | I12: Østlandet | L12: Østlandet | M12: 1 | N12: 1 | O12: 1 | P12: =G12 -> 250
A13: Statens vegvesen | B13: Ferdig | C13: E136 Tresfjordbrua og Vågstrandstunnelen | D13: 2531 | E13: 2015 | F13: 2731 | G13: 1393 | H13: 1338 | I13: Vestlandet | L13: Vestlandet | M13: 1 | N13: 1 | O13: 1 | P13: =G13 -> 1393
A14: Statens vegvesen | B14: Ferdig | C14: E6 Halselv–Møllnes | D14: 1622 | E14: 2016 | F14: 1380 | G14: 1380 | I14: Nord-Norge | L14: Nord-Norge | M14: 1 | N14: 1 | O14: 1 | P14: =G14 -> 1380
A15: Statens vegvesen | B15: Ferdig | C15: E18 Knapstad–Retvet | D15: 2391 | E15: 2016 | F15: 2460 | G15: 1308 | H15: 1152 | I15: Østlandet | L15: Østlandet | M15: 1 | N15: 1 | O15: 1 | P15: =G15 -> 1308
A16: Statens vegvesen | B16: Ferdig | C16: E6 Frya–Sjoa (Ringebu–Otta) | D16: 8216 | E16: 2016 | F16: 10043 | G16: 5737 | H16: 4306 | I16: Østlandet | L16: Østlandet | M16: 1 | N16: 1 | O16: 1 | P16: =G16 -> 5737
A17: Statens vegvesen | B17: Ferdig | C17: Rv. 4 Lunner grense–Jaren og Lynga sør | D17: 3531 | E17: 2017 | F17: 4558 | G17: 2287 | H17: 2271 | I17: Østlandet | L17: Østlandet | M17: 1 | N17: 1 | O17: 1 | P17: =G17 -> 2287
A18: Statens vegvesen | B18: Ferdig | C18: E18 Riksgrensen–Ørje | D18: 1289 | E18: 2017 | F18: 1468 | G18: 847 | H18: 621 | I18: Østlandet | L18: Østlandet | M18: 1 | N18: 1 | O18: 1 | P18: =G18 -> 847
A19: Statens vegvesen | B19: Ferdig | C19: E39 Hove–Sandved | D19: -898 | E19: 2017 | F19: 1145 | G19: 450 | H19: 694 | I19: Vestlandet | J19: Kostnadsramme «-898» gjengitt slik den står i dokumentet (sannsynlig feil) | L19: Vestlandet | M19: 1 | N19: 1 | O19: 1 | P19: =G19 -> 450
A20: Statens vegvesen | B20: Ferdig | C20: E16 Varpe bru–Otrøsosen–Smedalsosen | D20: 2779 | E20: 2017 | F20: 2220 | G20: 2220 | I20: Østlandet | K20: delt mellom Vestland og Østlandet | L20: Østlandet | M20: 1 | N20: 1 | O20: 0.6 | P20: =G20*O20 -> 1332
A21: Statens vegvesen | B21: Ferdig | C21: E16 Varpe bru–Otrøsosen–Smedalsosen | D21: 2779 | E21: 2017 | F21: 2220 | G21: 2220 | I21: Østlandet | K21: delt mellom Vestland og Østlandet | L21: Vestlandet | M21: 1 | N21: 1 | O21: 0.4 | P21: =G21*O21 -> 888
A22: Statens vegvesen | B22: Ferdig | C22: E6 Indre Nordnes–Skardalen | D22: 1924 | E22: 2017 | F22: 1609 | G22: 1609 | I22: Nord-Norge | L22: Nord-Norge | M22: 1 | N22: 1 | O22: 1 | P22: =G22 -> 1609
A23: Statens vegvesen | B23: Ferdig | C23: E105 Elvenes–Hesseng | D23: 1099 | E23: 2017 | F23: 1099 | G23: 1099 | H23: 0 | I23: Nord-Norge | L23: Nord-Norge | M23: 1 | N23: 1 | O23: 1 | P23: =G23 -> 1099
A24: Statens vegvesen | B24: Ferdig | C24: E6 Sørkjosfjellet | D24: 1538 | E24: 2018 | F24: 1430 | G24: 1430 | H24: 0 | I24: Nord-Norge | L24: Nord-Norge | M24: 1 | N24: 1 | O24: 1 | P24: =G24 -> 1430
A25: Statens vegvesen | B25: Ferdig | C25: E6 Hålogalandsbrua inkl Trældal–Leirvik | D25: 5349 | E25: 2018 | F25: 5874 | G25: 4226 | H25: 1648 | I25: Nord-Norge | L25: Nord-Norge | M25: 1 | N25: 1 | O25: 1 | P25: =G25 -> 4226
A26: Statens vegvesen | B26: Ferdig | C26: E18 Bommestad–Sky | D26: 7774 | E26: 2018 | F26: 7044 | G26: 1795 | H26: 5248 | I26: Østlandet | L26: Østlandet | M26: 1 | N26: 1 | O26: 1 | P26: =G26 -> 1795
A27: Statens vegvesen | B27: Ferdig | C27: Rv. 36 Skyggestein–Skjelbredstrand | D27: 943 | E27: 2018 | F27: 1034 | G27: 1034 | I27: Østlandet | L27: Østlandet | M27: 1 | N27: 1 | O27: 1 | P27: =G27 -> 1034
A28: Statens vegvesen | B28: Ferdig | C28: Rv. 110 Simo–Ørebekk | D28: 1182 | E28: 2019 | F28: 1476 | G28: 915 | H28: 561 | I28: Østlandet | L28: Østlandet | M28: 1 | N28: 1 | O28: 1 | P28: =G28 -> 915
A29: Statens vegvesen | B29: Ferdig | C29: E134 Gvammen–Århus | D29: 3578 | E29: 2019 | F29: 3310 | G29: 3310 | I29: Østlandet | L29: Østlandet | M29: 1 | N29: 1 | O29: 1 | P29: =G29 -> 3310
A30: Statens vegvesen | B30: Ferdig | C30: E6 Helgeland nord | D30: 2892 | E30: 2019 | F30: 3293 | G30: 2684 | H30: 608 | I30: Nord-Norge | L30: Nord-Norge | M30: 1 | N30: 1 | O30: 1 | P30: =G30 -> 2684
A31: Statens vegvesen | B31: Ferdig | C31: E6 Jaktøya–Klett–Sentervegen | D31: 4332 | E31: 2019 | F31: 3839 | G31: 1427 | H31: 2412 | I31: Trøndelag | L31: Trøndelag | M31: 1 | N31: 1 | O31: 1 | P31: =G31 -> 1427
A32: Statens vegvesen | B32: Ferdig | C32: Rv. 80 Hunstadmoen–Thallekrysset | D32: 3802 | E32: 2019 | F32: 3577 | G32: 923 | H32: 2654 | I32: Nord-Norge | L32: Nord-Norge | M32: 1 | N32: 1 | O32: 1 | P32: =G32 -> 923
A33: Statens vegvesen | B33: Ferdig | C33: E39 Bjørset–Skei | D33: 1263 | E33: 2019 | F33: 1053 | G33: 1053 | I33: Vestlandet | L33: Vestlandet | M33: 1 | N33: 1 | O33: 1 | P33: =G33 -> 1053
A34: Statens vegvesen | B34: Ferdig | C34: E6 Tømmernes-, Forså-, Fagernes-, Larsberg-, Skardal- og Isfjelltunnelene | D34: 1272 | E34: 2019 | F34: 1167 | G34: 1167 | I34: Nord-Norge | L34: Nord-Norge | M34: 1 | N34: 1 | O34: 1 | P34: =G34 -> 1167
A35: Statens vegvesen | B35: Ferdig | C35: E6 Ekeberg- og Svardalstunnelene | D35: 991 | E35: 2019 | F35: 1085 | G35: 1085 | I35: Østlandet | L35: Østlandet | M35: 1 | N35: 1 | O35: 1 | P35: =G35 -> 1085
A36: Statens vegvesen | B36: Ferdig | C36: E16 Bagn–Bjørgo | D36: 2467 | E36: 2019 | F36: 2080 | G36: 1310 | H36: 770 | I36: Østlandet | L36: Østlandet | M36: 1 | N36: 1 | O36: 1 | P36: =G36 -> 1310
A37: Statens vegvesen | B37: Ferdig | C37: E16 Sandvika–Wøyen | D37: 6680 | E37: 2019 | F37: 5468 | G37: 1356 | H37: 4111 | I37: Østlandet | L37: Østlandet | M37: 1 | N37: 1 | O37: 1 | P37: =G37 -> 1356
A38: Statens vegvesen | B38: Ferdig | C38: E16 Øye–Eidsbru | D38: 1142 | E38: 2020 | F38: 1181 | G38: 1181 | I38: Østlandet | L38: Østlandet | M38: 1 | N38: 1 | O38: 1 | P38: =G38 -> 1181
A39: Statens vegvesen | B39: Ferdig | C39: Rv. 13 Ryfast | D39: 11342 | E39: 2020 | F39: 11709 | G39: 2653 | H39: 9056 | I39: Vestlandet | L39: Vestlandet | M39: 1 | N39: 1 | O39: 1 | P39: =G39 -> 2653
A40: Statens vegvesen | B40: Ferdig | C40: E134 Damåsen–Saggrenda | D40: 7457 | E40: 2020 | F40: 6674 | G40: 2870 | H40: 3803 | I40: Østlandet | L40: Østlandet | M40: 1 | N40: 1 | O40: 1 | P40: =G40 -> 2870
A41: Statens vegvesen | B41: Ferdig | C41: E6 Vindåsliene–Korporalsbrua | D41: 2728 | E41: 2020 | F41: 2244 | G41: 1225 | H41: 1019 | I41: Trøndelag | L41: Trøndelag | M41: 1 | N41: 1 | O41: 1 | P41: =G41 -> 1225
A42: Statens vegvesen | B42: Ferdig | C42: E39 Eiganestunnelen | D42: 3695 | E42: 2020 | F42: 5553 | G42: 3917 | H42: 1636 | I42: Vestlandet | L42: Vestlandet | M42: 1 | N42: 1 | O42: 1 | P42: =G42 -> 3917
A43: Statens vegvesen | B43: Ferdig | C43: E18 Varoddbrua | D43: 1559 | E43: 2021 | F43: 1419 | G43: 1419 | I43: Sørlandet | L43: Sørlandet | M43: 1 | N43: 1 | O43: 1 | P43: =G43 -> 1419
A44: Statens vegvesen | B44: Ferdig | C44: E69 Skarvbergtunnelen | D44: 1302 | E44: 2022 | F44: 1777 | G44: 1777 | I44: Nord-Norge | L44: Nord-Norge | M44: 1 | N44: 1 | O44: 1 | P44: =G44 -> 1777
A45: Statens vegvesen | B45: Ferdig | C45: E39 Svegatjørn–Rådal | D45: 11185 | E45: 2022 | F45: 12177 | G45: 7772 | H45: 4405 | I45: Vestlandet | L45: Vestlandet | M45: 1 | N45: 1 | O45: 1 | P45: =G45 -> 7772
A46: Statens vegvesen | B46: Ferdig | C46: E16 Eggemoen–Jevnaker–Olum | D46: 4363 | E46: 2022 | F46: 3822 | G46: 1618 | H46: 2204 | I46: Østlandet | L46: Østlandet | M46: 1 | N46: 1 | O46: 1 | P46: =G46 -> 1618
A47: Statens vegvesen | B47: Ferdig | C47: E6 Bognes–Skarberget og rv. 827 Drag–Kjøpsvik | D47: 1280 | E47: 2022 | F47: 1052 | G47: 1052 | I47: Nord-Norge | L47: Nord-Norge | M47: 1 | N47: 1 | O47: 1 | P47: =G47 -> 1052
A48: Statens vegvesen | B48: Ferdig | C48: Rv. 3/rv. 25 Ommangsvollen–Grundset/Basthjørnet | E48: 2022 | F48: 7689 | G48: 2637 | H48: 5052 | I48: Østlandet | J48: Kostnadsramme ikke oppgitt i dokumentet | L48: Østlandet | M48: 1 | N48: 1 | O48: 1 | P48: =G48 -> 2637
A49: Statens vegvesen | B49: Ferdig | C49: Rv. 5 Kjøsnesfjorden | D49: 1844 | E49: 2022 | F49: 1307 | G49: 1307 | I49: Vestlandet | L49: Vestlandet | M49: 1 | N49: 1 | O49: 1 | P49: =G49 -> 1307
A50: Statens vegvesen | B50: Ferdig | C50: E16 Gudvanga- og Flenjatunnelene | D50: 1318 | E50: 2023 | F50: 1281 | G50: 1281 | I50: Vestlandet | L50: Vestlandet | M50: 1 | N50: 1 | O50: 1 | P50: =G50 -> 1281
A51: Statens vegvesen | B51: Ferdig | C51: Rv. 706 Nydalsbrua med tilknytingar | D51: 1903 | E51: 2023 | F51: 1880 | G51: 855 | H51: 1025 | I51: Trøndelag | L51: Trøndelag | M51: 1 | N51: 1 | O51: 1 | P51: =G51 -> 855
A52: Statens vegvesen | B52: Ferdig | C52: E39 Kristianborg–Bergen sentrum (Sykkelstamveien) | D52: 1413 | E52: 2024 | F52: 1417 | G52: 1417 | I52: Vestlandet | L52: Vestlandet | M52: 1 | N52: 1 | O52: 1 | P52: =G52 -> 1417
A53: Statens vegvesen | B53: Ferdig | C53: E39 Sykkelstamveien, Sørmarka–Smeaheia | D53: 1607 | E53: 2024 | F53: 1184 | G53: 1184 | I53: Vestlandet | L53: Vestlandet | M53: 1 | N53: 1 | O53: 1 | P53: =G53 -> 1184
A54: Statens vegvesen | B54: Ferdig | C54: E39 Lønset–Hjelset | D54: 1957 | E54: 2024 | F54: 1749 | G54: 780 | H54: 969 | I54: Vestlandet | L54: Vestlandet | M54: 1 | N54: 1 | O54: 1 | P54: =G54 -> 780
A55: Statens vegvesen | B55: Ferdig | C55: E16 Bjørum–Skaret | D55: 6886 | E55: 2025 | F55: 6331 | G55: 3356 | H55: 2975 | I55: Østlandet | L55: Østlandet | M55: 1 | N55: 1 | O55: 1 | P55: =G55 -> 3356
A56: Statens vegvesen | B56: Ferdig | C56: Rv. 4 Roa–Gran, inkl. Jaren–Amundrund/Almenningseidet–Lygnebakken | D56: 2950 | E56: 2025 | F56: 2681 | G56: 950 | H56: 1730 | I56: Østlandet | L56: Østlandet | M56: 1 | N56: 1 | O56: 1 | P56: =G56 -> 950
A57: Statens vegvesen | B57: Ferdig | C57: E16 Dalevåg-, Dalseid-, Trollkone-, Hernes- og Hyvingtunnelene | D57: 1272 | E57: 2025 | F57: 838 | G57: 837 | I57: Vestlandet | L57: Vestlandet | M57: 1 | N57: 1 | O57: 1 | P57: =G57 -> 837
A58: Statens vegvesen | B58: Ferdig | C58: E6 Helgeland sør | D58: 6807 | E58: 2025 | F58: 7742 | G58: 6849 | H58: 893 | I58: Nord-Norge | L58: Nord-Norge | M58: 1 | N58: 1 | O58: 1 | P58: =G58 -> 6849
A59: Statens vegvesen | B59: Under bygging | C59: E39 Betna–Vinjeøra–Stormyra | D59: 3404 | E59: 2026 | G59: 3242 | I59: Trøndelag | L59: Trøndelag | M59: 1 | N59: 1 | O59: 1 | P59: =G59 -> 3242
A60: Statens vegvesen | B60: Under bygging | C60: E8 Sørbotn–Laukslett | D60: 3999 | G60: 3718 | I60: Nord-Norge | L60: Nord-Norge | M60: 1 | N60: 1 | O60: 1 | P60: =G60 -> 3718
A61: Statens vegvesen | B61: Under bygging | C61: E136 Breivika–Lerstad | D61: 3186 | G61: 617 | H61: 2168 | I61: Vestlandet | L61: Vestlandet | M61: 1 | N61: 1 | O61: 1 | P61: =G61 -> 617
A62: Statens vegvesen | B62: Under bygging | C62: Ring 1 Hammersborgtunnelen | D62: 3666 | G62: 3492 | I62: Østlandet | J62: I regi av SVV i samarbeid med Statsbygg, finansiert over DFD-budsjettet | L62: Østlandet | M62: 1 | N62: 1 | O62: 1 | P62: =G62 -> 3492
A63: Statens vegvesen | B63: Under bygging | C63: Rv. 555 Sotrasambandet (OPS) | D63: 24110 | G63: 16093 | H63: 8017 | I63: Vestlandet | J63: OPS – vedtatt øvre ramme inkl. drift/vedlikehold | L63: Vestlandet | M63: 1 | N63: 1 | O63: 1 | P63: =G63 -> 16093
A64: Statens vegvesen | B64: Under bygging | C64: E18/E39 Gartnerløkka–Kolsdalen | D64: 6128 | G64: 2620 | H64: 2826 | I64: Sørlandet | L64: Sørlandet | M64: 1 | N64: 1 | O64: 1 | P64: =G64 -> 2620
A65: Statens vegvesen | B65: Under bygging | C65: E18 Lysaker–Ramstadsletta | D65: 24123 | G65: 6527 | H65: 14973 | I65: Østlandet | L65: Østlandet | M65: 1 | N65: 1 | O65: 1 | P65: =G65 -> 6527
A66: Statens vegvesen | B66: Under bygging | C66: E10/rv. 85 Tjeldsund–Gullesfjordbotn–Langvassbukt (OPS) | D66: 23498 | G66: 21893 | H66: 1605 | I66: Nord-Norge | J66: OPS – vedtatt øvre ramme inkl. drift/vedlikehold | L66: Nord-Norge | M66: 1 | N66: 1 | O66: 1 | P66: =G66 -> 21893
A67: Statens vegvesen | B67: Under bygging | C67: Rv. 555 Damsgård-/Nygårdtunnelene | D67: 1304 | G67: 1215 | I67: Vestlandet | L67: Vestlandet | M67: 1 | N67: 1 | O67: 1 | P67: =G67 -> 1215
A68: Statens vegvesen | B68: Under bygging | C68: Rv. 70 Vikansvingen–Kontrollplassen | D68: 1457 | G68: 22 | H68: 1229 | I68: Vestlandet | L68: Vestlandet | M68: 1 | N68: 1 | O68: 1 | P68: =G68 -> 22
A69: Statens vegvesen | B69: Under bygging | C69: Rv. 13 Lovraeidet–Rødsliane | D69: 1608 | G69: 1506 | I69: Vestlandet | L69: Vestlandet | M69: 1 | N69: 1 | O69: 1 | P69: =G69 -> 1506
A70: Statens vegvesen | B70: Under bygging | C70: E45 Kløfta | D70: 2103 | G70: 1874 | I70: Nord-Norge | L70: Nord-Norge | M70: 1 | N70: 1 | O70: 1 | P70: =G70 -> 1874
A71: Statens vegvesen | B71: Under bygging | C71: E134 Røldal–Seljestad | D71: 5018 | G71: 4140 | H71: 703 | I71: Vestlandet | L71: Vestlandet | M71: 1 | N71: 1 | O71: 1 | P71: =G71 -> 4140
A72: Statens vegvesen | B72: Under bygging | C72: E16 Lærdalstunnelen | D72: 2958 | G72: 2671 | I72: Vestlandet | L72: Vestlandet | M72: 1 | N72: 1 | O72: 1 | P72: =G72 -> 2671
A73: Statens vegvesen | B73: Under bygging | C73: E6 Megården–Sommerset | D73: 7421 | G73: 7205 | I73: Nord-Norge | L73: Nord-Norge | M73: 1 | N73: 1 | O73: 1 | P73: =G73 -> 7205
A74: Statens vegvesen | B74: Under bygging | C74: E39 Rogfast | D74: 28171 | G74: 11334 | H74: 16965 | I74: Vestlandet | L74: Vestlandet | M74: 1 | N74: 1 | O74: 1 | P74: =G74 -> 11334
A75: Statens vegvesen | B75: Under bygging | C75: E134 Oslofjordforbindelsen, trinn 2 | D75: 8104 | G75: 2713 | H75: 5374 | I75: Østlandet | L75: Østlandet | M75: 1 | N75: 1 | O75: 1 | P75: =G75 -> 2713
A76: Statens vegvesen | B76: Under bygging | C76: Fellesprosjektet Vossebanen/E16 Arna–Stanghelle | D76: 50373 | G76: 37749 | H76: 4303 | I76: Vestlandet | L76: Vestlandet | M76: 1 | N76: 1 | O76: 1 | P76: =G76 -> 37749
A77: Nye Veier AS | B77: Ferdig | C77: E18 Tvedestrand–Arendal | D77: 8942 | E77: 2019 | H77: 2709 | I77: Sørlandet | J77: Kostnadsramme = avtalt vederlag mellom selskapet og SD | L77: Sørlandet | M77: 1 | N77: 1 | O77: 1 | P77: =D77-H77 -> 6233
A78: Nye Veier AS | B78: Ferdig | C78: E6 Kolomoen–Moelv | D78: 14468 | E78: 2020 | H78: 5784 | I78: Østlandet | J78: Kostnadsramme = avtalt vederlag mellom selskapet og SD | L78: Østlandet | M78: 1 | N78: 1 | O78: 1 | P78: =D78-H78 -> 8684
A79: Nye Veier AS | B79: Ferdig | C79: E6 Kvænangsfjellet | D79: 2735 | E79: 2024 | I79: Nord-Norge | J79: Kostnadsramme = avtalt vederlag mellom selskapet og SD | L79: Nord-Norge | M79: 1 | N79: 1 | O79: 1 | P79: =D79-H79 -> 2735
A80: Nye Veier AS | B80: Under bygging | C80: E18 Langangen–Bamble | D80: 9546 | H80: 4420 | I80: Sørlandet | J80: Maksimalt bompengebidrag oppgitt | K80: Ligger I Telemark → østlandet | L80: Østlandet | M80: 1 | N80: 1 | O80: 1 | P80: =D80-H80 -> 5126
A81: Nye Veier AS | B81: Under bygging | C81: E39 Kristiansand vest–Lyngdal vest | D81: 33581 | H81: 11291 | I81: Sørlandet | J81: Maksimalt bompengebidrag oppgitt | L81: Sørlandet | M81: 1 | N81: 1 | O81: 1 | P81: =D81-H81 -> 22290
A82: Nye Veier AS | B82: Under bygging | C82: E6 Moelv–Øyer | D82: 24607 | H82: 8428 | I82: Østlandet | J82: Maksimalt bompengebidrag oppgitt | L82: Østlandet | M82: 1 | N82: 1 | O82: 1 | P82: =D82-H82 -> 16179
A83: Nye Veier AS | B83: Under bygging | C83: E6 Nedgård (Ulsberg)–Melhus | D83: 23807 | H83: 8825 | I83: Trøndelag | J83: Maksimalt bompengebidrag oppgitt | L83: Trøndelag | M83: 1 | N83: 1 | O83: 1 | P83: =D83-H83 -> 14982
A84: Nye Veier AS | B84: Under bygging | C84: E6 Ranheim–Åsen | D84: 19268 | H84: 9539 | I84: Trøndelag | J84: Maksimalt bompengebidrag oppgitt | L84: Trøndelag | M84: 1 | N84: 1 | O84: 1 | P84: =D84-H84 -> 9729
A85: Bane NOR SF | B85: Ferdig | C85: Dobbeltspor Langset–Kleverud | D85: 5406 | E85: 2015 | F85: 4219 | I85: Østlandet | J85: Beløp i mill. 2019-kroner – må justeres til 2026 kroner ved byggekostnad | K85: Trolig uten MVA, må multipliseres | L85: Østlandet | M85: 1.38 | N85: 1.25 | O85: 1 | P85: =F85*M85*N85 -> 7277.775
A86: Bane NOR SF | B86: Ferdig | C86: Holm–Holmestrand–Nykirke | D86: 6663 | E86: 2016 | F86: 6443 | I86: Østlandet | J86: Beløp i mill. 2019-kroner – må justeres til 2026 kroner ved byggekostnad | K86: Trolig uten MVA, må multipliseres | L86: Østlandet | M86: 1.38 | N86: 1.25 | O86: 1 | P86: =F86*M86*N86 -> 11114.175
A87: Bane NOR SF | B87: Ferdig | C87: Dobbeltspor Farriseidet–Porsgrunn | D87: 7575 | E87: 2018 | F87: 7448 | I87: Østlandet | J87: Beløp i mill. 2019-kroner – må justeres til 2026 kroner ved byggekostnad | K87: Trolig uten MVA, må multipliseres | L87: Østlandet | M87: 1.38 | N87: 1.25 | O87: 1 | P87: =F87*M87*N87 -> 12847.8
A88: Bane NOR SF | B88: Ferdig | C88: Follobanen | D88: 37535 | E88: 2023 | F88: 37470 | I88: Østlandet | K88: Trolig uten MVA, må multipliseres | L88: Østlandet | M88: 1 | N88: 1.25 | O88: 1 | P88: =F88*M88*N88 -> 46837.5
A89: Bane NOR SF | B89: Ferdig | C89: Venjar–Eidsvoll–Langset | D89: 7898 | E89: 2024 | F89: 6202 | I89: Østlandet | K89: Trolig uten MVA, må multipliseres | L89: Østlandet | M89: 1 | N89: 1.25 | O89: 1 | P89: =F89*M89*N89 -> 7752.5
A90: Bane NOR SF | B90: Ferdig | C90: Arna–Fløen | D90: 5018 | E90: 2024 | F90: 4744 | I90: Vestlandet | K90: Trolig uten MVA, må multipliseres | L90: Vestlandet | M90: 1 | N90: 1.25 | O90: 1 | P90: =F90*M90*N90 -> 5930
A91: Bane NOR SF | B91: Ferdig | C91: Fløen–Bergen/Nygårdstangen | D91: 4910 | E91: 2024 | F91: 3136 | I91: Vestlandet | K91: Trolig uten MVA, må multipliseres | L91: Vestlandet | M91: 1 | N91: 1.25 | O91: 1 | P91: =F91*M91*N91 -> 3920
A92: Bane NOR SF | B92: Ferdig | C92: Delelektrifisering Trønder- og Meråkerbanen | D92: 2727 | E92: 2025 | F92: 2394 | I92: Trøndelag | K92: Trolig uten MVA, må multipliseres | L92: Trøndelag | M92: 1 | N92: 1.25 | O92: 1 | P92: =F92*M92*N92 -> 2992.5
A93: Bane NOR SF | B93: Ferdig | C93: Drammen–Kobbervikdalen | D93: 18087 | E93: 2025 | F93: 13095 | I93: Østlandet | K93: Trolig uten MVA, må multipliseres | L93: Østlandet | M93: 1 | N93: 1.25 | O93: 1 | P93: =F93*M93*N93 -> 16368.75
A94: Bane NOR SF | B94: Under bygging | C94: ERTMS | D94: 38220 | I94: Hele landet | K94: Hele landet | L94: Hele landet | M94: 1 | N94: 1.25 | O94: 1 | P94: =D94*M94*N94 -> 47775
A95: Bane NOR SF | B95: Under bygging | C95: Kolbotn stasjon | D95: 1600 | I95: Østlandet | J95: Kostnadsramme økt til ca. 1 600 mill. 2026-kr (jf. Innst. 75 S 2025–2026) | K95: Trolig uten MVA, må multipliseres | L95: Østlandet | M95: 1 | N95: 1.25 | O95: 1 | P95: =D95*M95*N95 -> 2000
A96: Bane NOR SF | B96: Under bygging | C96: Sandbukta–Moss–Såstad | D96: 28519 | I96: Østlandet | K96: Trolig uten MVA, må multipliseres | L96: Østlandet | M96: 1 | N96: 1.25 | O96: 1 | P96: =D96*M96*N96 -> 35648.75
A97: Bane NOR SF | B97: Under bygging | C97: Kleverud–Sørli | D97: 11190 | I97: Østlandet | K97: Trolig uten MVA, må multipliseres | L97: Østlandet | M97: 1 | N97: 1.25 | O97: 1 | P97: =D97*M97*N97 -> 13987.5
A98: Bane NOR SF | B98: Under bygging | C98: Sørli–Åkersvika | D98: 9659 | I98: Østlandet | K98: Trolig uten MVA, må multipliseres | L98: Østlandet | M98: 1 | N98: 1.25 | O98: 1 | P98: =D98*M98*N98 -> 12073.75
A99: Bane NOR SF | B99: Under bygging | C99: Barkåker–Tønsberg | D99: 1984 | I99: Østlandet | K99: Trolig uten MVA, må multipliseres | L99: Østlandet | M99: 1 | N99: 1.25 | O99: 1 | P99: =D99*M99*N99 -> 2480
A100: Bane NOR SF | B100: Under bygging | C100: Nykirke–Barkåker | D100: 9069 | I100: Østlandet | K100: Trolig uten MVA, må multipliseres | L100: Østlandet | M100: 1 | N100: 1.25 | O100: 1 | P100: =D100*M100*N100 -> 11336.25
...

Sheet Utregninger opprinnelig
A4: BEFOLKNINGSANDEL 2025 (SSB 06912)
A5: Østlandet | B5: 2870000
A6: Vestlandet | B6: 1420000
A7: Nord-Norge | B7: 480000
A8: Sørlandet | B8: 320000
A9: Trøndelag | B9: 480000
A10: Sum | B10: =SUM(B5:B9) -> 5570000
A16: FERDIGE PROSJEKTER 2014–2025 (GILLESVIK REPROD.)
A17: Landsdel | B17: Antall | C17: Stat (mrd) | D17: Andel % | E17: Per innbygger (KNOK)
A18: Østlandet | B18: =COUNTIFS(prosjekter!I$2:I$101,"Østlandet",prosjekter!B$2:B$101,"Ferdig")+2 -> 34 | C18: =SUMIFS(prosjekter!K$2:K$101,prosjekter!I$2:I$101,"Østlandet",prosjekter!B$2:B$101,"Ferdig")/1000 + 3.6 -> 145.071 | D18: =IFERROR(C18/$C$23,0) -> 0.61160039 | E18: =C18*1000000/$B$5 -> 50.547387
A19: Vestlandet | B19: =COUNTIFS(prosjekter!I$2:I$101,"Vestlandet",prosjekter!B$2:B$101,"Ferdig") -> 16 | C19: =SUMIFS(prosjekter!K$2:K$101,prosjekter!I$2:I$101,"Vestlandet",prosjekter!B$2:B$101,"Ferdig")/1000 -2.3 -> 34.264 | D19: =IFERROR(C19/$C$23,0) -> 0.14445255 | E19: =C19*1000000/$B$6 -> 24.129577 | L19: GILLESVIK
A20: Nord-Norge | B20: =COUNTIFS(prosjekter!I$2:I$101,"Nord-Norge",prosjekter!B$2:B$101,"Ferdig") -> 13 | C20: =SUMIFS(prosjekter!K$2:K$101,prosjekter!I$2:I$101,"Nord-Norge",prosjekter!B$2:B$101,"Ferdig")/1000 -> 28.278 | D20: =IFERROR(C20/$C23,0) -> 0.11921635 | E20: =C20*1000000/$B$7 -> 58.9125
A21: Sørlandet | B21: =COUNTIFS(prosjekter!I$2:I$101,"Sørlandet",prosjekter!B$2:B$101,"Ferdig") + 1 -> 3 | C21: =SUMIFS(prosjekter!K$2:K$101,prosjekter!I$2:I$101,"Sørlandet",prosjekter!B$2:B$101,"Ferdig")/1000 + 12.8 -> 20.452 | D21: =IFERROR(C21/$C$23,0) -> 0.08622296 | E21: =C21*1000000/$B$8 -> 63.9125
A22: Trøndelag | B22: =COUNTIFS(prosjekter!I$2:I$101,"Trøndelag",prosjekter!B$2:B$101,"Ferdig") + 1 -> 5 | C22: =SUMIFS(prosjekter!K$2:K$101,prosjekter!I$2:I$101,"Trøndelag",prosjekter!B$2:B$101,"Ferdig")/1000 + 2.9 -> 9.134 | D22: =IFERROR(C22/$C$23,0) -> 0.038507751 | E22: =C22*1000000/$B$9 -> 19.029167
A23: Sum | B23: =SUM(B16:B22) -> 71 | C23: =SUM(C18:C22) -> 237.199 | D23: =SUM(D18:D22) -> 1
A27: FERDIGE PROSJEKTER 2014–2025
A28: Landsdel | B28: Antall | C28: Stat (mrd) | D28: Andel % | E28: Per innbygger (KNOK)
A29: Østlandet | B29: =COUNTIFS(prosjekter!I$2:I$101,"Østlandet",prosjekter!B$2:B$101,"Ferdig") -> 32 | C29: =SUMIFS(prosjekter!K$2:K$101,prosjekter!I$2:I$101,"Østlandet",prosjekter!B$2:B$101,"Ferdig")/1000 -> 141.471 | D29: =IFERROR(C29/$C$34,0) -> 0.64246886 | E29: =C29*1000000/$B$5 -> 49.293031
A30: Vestlandet | B30: =COUNTIFS(prosjekter!I$2:I$101,"Vestlandet",prosjekter!B$2:B$101,"Ferdig") -> 16 | C30: =SUMIFS(prosjekter!K$2:K$101,prosjekter!I$2:I$101,"Vestlandet",prosjekter!B$2:B$101,"Ferdig")/1000 -> 36.564 | D30: =IFERROR(C30/$C$34,0) -> 0.1660498 | E30: =C30*1000000/$B$6 -> 25.749296
A31: Nord-Norge | B31: =COUNTIFS(prosjekter!I$2:I$101,"Nord-Norge",prosjekter!B$2:B$101,"Ferdig") -> 13 | C31: =SUMIFS(prosjekter!K$2:K$101,prosjekter!I$2:I$101,"Nord-Norge",prosjekter!B$2:B$101,"Ferdig")/1000 -> 28.278 | D31: =IFERROR(C31/$C$34,0) -> 0.1284202 | E31: =C31*1000000/$B$7 -> 58.9125
A32: Sørlandet | B32: =COUNTIFS(prosjekter!I$2:I$101,"Sørlandet",prosjekter!B$2:B$101,"Ferdig") -> 2 | C32: =SUMIFS(prosjekter!K$2:K$101,prosjekter!I$2:I$101,"Sørlandet",prosjekter!B$2:B$101,"Ferdig")/1000 -> 7.652 | D32: =IFERROR(C32/$C$34,0) -> 0.034750385 | E32: =C32*1000000/$B$8 -> 23.9125
A33: Trøndelag | B33: =COUNTIFS(prosjekter!I$2:I$101,"Trøndelag",prosjekter!B$2:B$101,"Ferdig") -> 4 | C33: =SUMIFS(prosjekter!K$2:K$101,prosjekter!I$2:I$101,"Trøndelag",prosjekter!B$2:B$101,"Ferdig")/1000 -> 6.234 | D33: =IFERROR(C33/$C$34,0) -> 0.028310755 | E33: =C33*1000000/$B$9 -> 12.9875
A34: Sum | B34: =SUM(B27:B33) -> 67 | C34: =SUM(C29:C33) -> 220.199 | D34: =SUM(D29:D33) -> 1
A39: ALLE PROSJEKTER 2014–2026+
A40: Landsdel | B40: Antall | C40: Stat (mrd) | D40: Andel % | E40: Per innbygger (KNOK)
A41: Østlandet | B41: =COUNTIFS(prosjekter!I$2:I$101,"Østlandet") -> 42 | C41: =SUMIFS(prosjekter!K$2:K$101,prosjekter!I$2:I$101,"Østlandet")/1000 -> 232.403 | D41: =IFERROR(C41/$C$46,0) -> 0.47625908 | E41: =C41*1000000/$B$5 -> 80.976655
A42: Vestlandet | B42: =COUNTIFS(prosjekter!I$2:I$101,"Vestlandet") -> 25 | C42: =SUMIFS(prosjekter!K$2:K$101,prosjekter!I$2:I$101,"Vestlandet")/1000 -> 111.911 | D42: =IFERROR(C42/$C$46,0) -> 0.2293371 | E42: =C42*1000000/$B$6 -> 78.810563
A43: Nord-Norge | B43: =COUNTIFS(prosjekter!I$2:I$101,"Nord-Norge") -> 19 | C43: =SUMIFS(prosjekter!K$2:K$101,prosjekter!I$2:I$101,"Nord-Norge")/1000 -> 71.787 | D43: =IFERROR(C43/$C$46,0) -> 0.14711174 | E43: =C43*1000000/$B$7 -> 149.55625
A44: Sørlandet | B44: =COUNTIFS(prosjekter!I$2:I$101,"Sørlandet") -> 5 | C44: =SUMIFS(prosjekter!K$2:K$101,prosjekter!I$2:I$101,"Sørlandet")/1000 -> 37.688 | D44: =IFERROR(C44/$C$46,0) -> 0.077233307 | E44: =C44*1000000/$B$8 -> 117.775
A45: Trøndelag | B45: =COUNTIFS(prosjekter!I$2:I$101,"Trøndelag") -> 7 | C45: =SUMIFS(prosjekter!K$2:K$101,prosjekter!I$2:I$101,"Trøndelag")/1000 -> 34.187 | D45: =IFERROR(C45/$C$46,0) -> 0.070058773 | E45: =C45*1000000/$B$9 -> 71.222917
A46: Sum | B46: =SUM(B39:B45) -> 98 | C46: =SUM(C41:C45) -> 487.976 | D46: =SUM(D41:D45) -> 1
A50: UNDER BYGGING
A51: Landsdel | B51: Antall | C51: Stat (mrd) | D51: Andel % | E51: Per innbygger (KNOK)
A52: Østlandet | B52: =COUNTIFS(prosjekter!I$2:I$101,"Østlandet",prosjekter!B$2:B$101,"Under bygging") -> 10 | C52: =SUMIFS(prosjekter!K$2:K$101,prosjekter!I$2:I$101,"Østlandet",prosjekter!B$2:B$101,"Under bygging")/1000 -> 90.932 | D52: =IFERROR(C52/$C$57,0) -> 0.33958107 | E52: =C52*1000000/$B$5 -> 31.683624
A53: Vestlandet | B53: =COUNTIFS(prosjekter!I$2:I$101,"Vestlandet",prosjekter!B$2:B$101,"Under bygging") -> 9 | C53: =SUMIFS(prosjekter!K$2:K$101,prosjekter!I$2:I$101,"Vestlandet",prosjekter!B$2:B$101,"Under bygging")/1000 -> 75.347 | D53: =IFERROR(C53/$C$57,0) -> 0.28137966 | E53: =C53*1000000/$B$6 -> 53.061268
A54: Nord-Norge | B54: =COUNTIFS(prosjekter!I$2:I$101,"Nord-Norge",prosjekter!B$2:B$101,"Under bygging") -> 6 | C54: =SUMIFS(prosjekter!K$2:K$101,prosjekter!I$2:I$101,"Nord-Norge",prosjekter!B$2:B$101,"Under bygging")/1000 -> 43.509 | D54: =IFERROR(C54/$C$57,0) -> 0.16248221 | E54: =C54*1000000/$B$7 -> 90.64375
A55: Sørlandet | B55: =COUNTIFS(prosjekter!I$2:I$101,"Sørlandet",prosjekter!B$2:B$101,"Ferdig") -> 2 | C55: =SUMIFS(prosjekter!K$2:K$101,prosjekter!I$2:I$101,"Sørlandet",prosjekter!B$2:B$101,"Under bygging")/1000 -> 30.036 | D55: =IFERROR(C55/$C$57,0) -> 0.11216796 | E55: =C55*1000000/$B$8 -> 93.8625
A56: Trøndelag | B56: =COUNTIFS(prosjekter!I$2:I$101,"Trøndelag",prosjekter!B$2:B$101,"Under bygging") -> 3 | C56: =SUMIFS(prosjekter!K$2:K$101,prosjekter!I$2:I$101,"Trøndelag",prosjekter!B$2:B$101,"Under bygging")/1000 -> 27.953 | D56: =IFERROR(C56/$C$57,0) -> 0.1043891 | E56: =C56*1000000/$B$9 -> 58.235417
A57: Sum | B57: =SUM(B50:B56) -> 30 | C57: =SUM(C52:C56) -> 267.777 | D57: =SUM(D52:D56) -> 1

Sheet Utregninger korrigert
A4: BEFOLKNINGSANDEL 2025 (SSB 06912)
A5: Østlandet | B5: 2870000
A6: Vestlandet | B6: 1420000
A7: Nord-Norge | B7: 480000
A8: Sørlandet | B8: 320000
A9: Trøndelag | B9: 480000
A10: Sum | B10: =SUM(B5:B9) -> 5570000
A13: AREAL
A14: Østlandet | B14: 94585
A15: Vestlandet | B15: 57694
A16: Nord-Norge | B16: 112951
A17: Sørlandet | B17: 16434
A18: Trøndelag | B18: 42201
A19: Sum | B19: =SUM(B14:B18) -> 323865
A25: FERDIGE PROSJEKTER 2014–2025
A26: Landsdel | B26: Antall | C26: Stat (mrd) | D26: Andel % | E26: Per innbygger (KNOK) | F26: Per Areal
A27: Østlandet | B27: =COUNTIFS(prosjekter_korrigert!L$2:L$102,"Østlandet",prosjekter_korrigert!B$2:B$102,"Ferdig") -> 32 | C27: =SUMIFS(prosjekter_korrigert!P$2:P$102,prosjekter_korrigert!L$2:L$102,"Østlandet",prosjekter_korrigert!B$2:B$102,"Ferdig")/1000 -> 159.6175 | D27: =IFERROR(C27/$C$32,0) -> 0.66344747 | E27: =C27*1000000/$B$5 -> 55.615854 | F27: =1000 * C27 / $B14 -> 1.6875562
A28: Vestlandet | B28: =COUNTIFS(prosjekter_korrigert!L$2:L$102,"Vestlandet",prosjekter_korrigert!B$2:B$102,"Ferdig") -> 18 | C28: =SUMIFS(prosjekter_korrigert!P$2:P$102,prosjekter_korrigert!L$2:L$102,"Vestlandet",prosjekter_korrigert!B$2:B$102,"Ferdig")/1000 -> 38.541 | D28: =IFERROR(C28/$C$32,0) -> 0.16019502 | E28: =C28*1000000/$B$6 -> 27.141549 | F28: =1000 * C28 / $B15 -> 0.6680244
A29: Nord-Norge | B29: =COUNTIFS(prosjekter_korrigert!L$2:L$102,"Nord-Norge",prosjekter_korrigert!B$2:B$102,"Ferdig") -> 13 | C29: =SUMIFS(prosjekter_korrigert!P$2:P$102,prosjekter_korrigert!L$2:L$102,"Nord-Norge",prosjekter_korrigert!B$2:B$102,"Ferdig")/1000 -> 28.278 | D29: =IFERROR(C29/$C$32,0) -> 0.11753703 | E29: =C29*1000000/$B$7 -> 58.9125 | F29: =1000 * C29 / $B16 -> 0.25035635
A30: Sørlandet | B30: =COUNTIFS(prosjekter_korrigert!L$2:L$102,"Sørlandet",prosjekter_korrigert!B$2:B$102,"Ferdig") -> 2 | C30: =SUMIFS(prosjekter_korrigert!P$2:P$102,prosjekter_korrigert!L$2:L$102,"Sørlandet",prosjekter_korrigert!B$2:B$102,"Ferdig")/1000 -> 7.652 | D30: =IFERROR(C30/$C$32,0) -> 0.03180541 | E30: =C30*1000000/$B$8 -> 23.9125 | F30: =1000 * C30 / $B17 -> 0.46562006
A31: Trøndelag | B31: =COUNTIFS(prosjekter_korrigert!L$2:L$102,"Trøndelag",prosjekter_korrigert!B$2:B$102,"Ferdig") -> 4 | C31: =SUMIFS(prosjekter_korrigert!P$2:P$102,prosjekter_korrigert!L$2:L$102,"Trøndelag",prosjekter_korrigert!B$2:B$102,"Ferdig")/1000 -> 6.4995 | D31: =IFERROR(C31/$C$32,0) -> 0.027015063 | E31: =C31*1000000/$B$9 -> 13.540625 | F31: =1000 * C31 / $B18 -> 0.15401294
A32: Sum | B32: =SUM(B25:B31) -> 69 | C32: =SUM(C27:C31) -> 240.588 | D32: =SUM(D27:D31) -> 1
A37: ALLE PROSJEKTER 2014–2026+
A38: Landsdel | B38: Antall | C38: Stat (mrd) | D38: Andel % | E38: Per innbygger (KNOK)
A39: Østlandet | B39: =COUNTIFS(prosjekter_korrigert!L$2:L$102,"Østlandet") -> 43 | C39: =SUMIFS(prosjekter_korrigert!P$2:P$102,prosjekter_korrigert!L$2:L$102,"Østlandet")/1000 -> 271.18075 | D39: =IFERROR(C39/$C$44,0) -> 0.51764869 | E39: =C39*1000000/$B$5 -> 94.488066
A40: Vestlandet | B40: =COUNTIFS(prosjekter_korrigert!L$2:L$102,"Vestlandet") -> 27 | C40: =SUMIFS(prosjekter_korrigert!P$2:P$102,prosjekter_korrigert!L$2:L$102,"Vestlandet")/1000 -> 113.888 | D40: =IFERROR(C40/$C$44,0) -> 0.21739734 | E40: =C40*1000000/$B$6 -> 80.202817
A41: Nord-Norge | B41: =COUNTIFS(prosjekter_korrigert!L$2:L$102,"Nord-Norge") -> 19 | C41: =SUMIFS(prosjekter_korrigert!P$2:P$102,prosjekter_korrigert!L$2:L$102,"Nord-Norge")/1000 -> 71.787 | D41: =IFERROR(C41/$C$44,0) -> 0.13703202 | E41: =C41*1000000/$B$7 -> 149.55625
A42: Sørlandet | B42: =COUNTIFS(prosjekter_korrigert!L$2:L$102,"Sørlandet") -> 4 | C42: =SUMIFS(prosjekter_korrigert!P$2:P$102,prosjekter_korrigert!L$2:L$102,"Sørlandet")/1000 -> 32.562 | D42: =IFERROR(C42/$C$44,0) -> 0.062156612 | E42: =C42*1000000/$B$8 -> 101.75625
A43: Trøndelag | B43: =COUNTIFS(prosjekter_korrigert!L$2:L$102,"Trøndelag") -> 7 | C43: =SUMIFS(prosjekter_korrigert!P$2:P$102,prosjekter_korrigert!L$2:L$102,"Trøndelag")/1000 -> 34.4525 | D43: =IFERROR(C43/$C$44,0) -> 0.06576533 | E43: =C43*1000000/$B$9 -> 71.776042
A44: Sum | B44: =SUM(B37:B43) -> 100 | C44: =SUM(C39:C43) -> 523.87025 | D44: =SUM(D39:D43) -> 1
A48: UNDER BYGGING
A49: Landsdel | B49: Antall | C49: Stat (mrd) | D49: Andel % | E49: Per innbygger (KNOK)
A50: Østlandet | B50: =COUNTIFS(prosjekter_korrigert!L$2:L$102,"Østlandet",prosjekter_korrigert!B$2:B$102,"Under bygging") -> 11 | C50: =SUMIFS(prosjekter_korrigert!P$2:P$102,prosjekter_korrigert!L$2:L$102,"Østlandet",prosjekter_korrigert!B$2:B$102,"Under bygging")/1000 -> 111.56325 | D50: =IFERROR(C50/$C$55,0) -> 0.39382365 | E50: =C50*1000000/$B$5 -> 38.872213
A51: Vestlandet | B51: =COUNTIFS(prosjekter_korrigert!L$2:L$102,"Vestlandet",prosjekter_korrigert!B$2:B$102,"Under bygging") -> 9 | C51: =SUMIFS(prosjekter_korrigert!P$2:P$102,prosjekter_korrigert!L$2:L$102,"Vestlandet",prosjekter_korrigert!B$2:B$102,"Under bygging")/1000 -> 75.347 | D51: =IFERROR(C51/$C$55,0) -> 0.26597854 | E51: =C51*1000000/$B$6 -> 53.061268
A52: Nord-Norge | B52: =COUNTIFS(prosjekter_korrigert!L$2:L$102,"Nord-Norge",prosjekter_korrigert!B$2:B$102,"Under bygging") -> 6 | C52: =SUMIFS(prosjekter_korrigert!P$2:P$102,prosjekter_korrigert!L$2:L$102,"Nord-Norge",prosjekter_korrigert!B$2:B$102,"Under bygging")/1000 -> 43.509 | D52: =IFERROR(C52/$C$55,0) -> 0.15358887 | E52: =C52*1000000/$B$7 -> 90.64375
A53: Sørlandet | B53: =COUNTIFS(prosjekter_korrigert!L$2:L$102,"Sørlandet",prosjekter_korrigert!B$2:B$102,"Ferdig") -> 2 | C53: =SUMIFS(prosjekter_korrigert!P$2:P$102,prosjekter_korrigert!L$2:L$102,"Sørlandet",prosjekter_korrigert!B$2:B$102,"Under bygging")/1000 -> 24.91 | D53: =IFERROR(C53/$C$55,0) -> 0.087933501 | E53: =C53*1000000/$B$8 -> 77.84375
A54: Trøndelag | B54: =COUNTIFS(prosjekter_korrigert!L$2:L$102,"Trøndelag",prosjekter_korrigert!B$2:B$102,"Under bygging") -> 3 | C54: =SUMIFS(prosjekter_korrigert!P$2:P$102,prosjekter_korrigert!L$2:L$102,"Trøndelag",prosjekter_korrigert!B$2:B$102,"Under bygging")/1000 -> 27.953 | D54: =IFERROR(C54/$C$55,0) -> 0.098675438 | E54: =C54*1000000/$B$9 -> 58.235417
A55: Sum | B55: =SUM(B48:B54) -> 31 | C55: =SUM(C50:C54) -> 283.28225 | D55: =SUM(D50:D54) -> 1

Sheet gillesvik
